mod2310,xmax,n_gaps,mean_gap,rho_bar,se_rho_bar
17,1e+07,480,148.4625,0.875605,0.037674
29,1e+07,444,173.4324,1.022873,0.044904
41,1e+07,441,175.0068,1.032158,0.044201
59,1e+07,445,155.6090,0.917753,0.039739
71,1e+07,432,173.2639,1.021879,0.052961
101,1e+07,447,161.3960,0.951884,0.043639
107,1e+07,444,158.5946,0.935362,0.042483
137,1e+07,447,151.1544,0.891481,0.042577
149,1e+07,457,163.8775,0.966519,0.044605
167,1e+07,461,159.4360,0.940324,0.045160
179,1e+07,441,158.0000,0.931855,0.045810
191,1e+07,434,164.7650,0.971754,0.046133
197,1e+07,463,173.6112,1.023927,0.044531
221,1e+07,467,179.9743,1.061456,0.043715
227,1e+07,437,189.2677,1.116266,0.052107
239,1e+07,443,184.8894,1.090444,0.040916
269,1e+07,433,180.7898,1.066265,0.045306
281,1e+07,452,177.5310,1.047045,0.038088
311,1e+07,423,165.4752,0.975942,0.040425
347,1e+07,454,153.0396,0.902600,0.044202
359,1e+07,448,151.3527,0.892650,0.042987
377,1e+07,439,159.2665,0.939325,0.048617
389,1e+07,433,148.2263,0.874212,0.044588
401,1e+07,457,156.1969,0.921221,0.042168
419,1e+07,438,167.1644,0.985905,0.048407
431,1e+07,434,173.7788,1.024916,0.048448
437,1e+07,471,170.2548,1.004132,0.041143
461,1e+07,418,164.3254,0.969161,0.044133
479,1e+07,421,173.0736,1.020757,0.048703
491,1e+07,424,174.1698,1.027222,0.051078
521,1e+07,430,158.2744,0.933474,0.045553
527,1e+07,444,167.1351,0.985732,0.045578
557,1e+07,420,159.3714,0.939944,0.049541
569,1e+07,395,155.6810,0.918178,0.046390
587,1e+07,434,164.0323,0.967432,0.048898
599,1e+07,476,164.6345,0.970984,0.043948
611,1e+07,422,171.5118,1.011546,0.044350
617,1e+07,463,185.0151,1.091185,0.044492
629,1e+07,450,187.9867,1.108711,0.045447
641,1e+07,470,198.7149,1.171984,0.042823
659,1e+07,418,200.7273,1.183853,0.045912
689,1e+07,431,202.5104,1.194370,0.046994
701,1e+07,414,199.5942,1.177170,0.048732
731,1e+07,418,183.6890,1.083364,0.048327
767,1e+07,442,169.2896,0.998439,0.047125
797,1e+07,431,155.0534,0.914476,0.050659
809,1e+07,422,161.8578,0.954608,0.046794
821,1e+07,449,157.1225,0.926680,0.046385
827,1e+07,444,175.3919,1.034429,0.041991
839,1e+07,449,188.5523,1.112047,0.046698
851,1e+07,454,170.5507,1.005877,0.041293
857,1e+07,420,186.7857,1.101628,0.043894
881,1e+07,429,189.4406,1.117286,0.044906
899,1e+07,433,186.4850,1.099854,0.040839
941,1e+07,429,162.1399,0.956271,0.046096
947,1e+07,453,183.4437,1.081917,0.044353
989,1e+07,447,161.1946,0.950696,0.045598
1007,1e+07,415,157.3012,0.927734,0.049935
1019,1e+07,459,158.7974,0.936558,0.045105
1031,1e+07,439,158.5968,0.935375,0.045172
1037,1e+07,440,173.7682,1.024853,0.048649
1049,1e+07,433,191.0162,1.126578,0.048209
1061,1e+07,455,187.0286,1.103060,0.042967
1079,1e+07,456,186.0132,1.097072,0.047323
1091,1e+07,407,199.8428,1.178636,0.051411
1121,1e+07,412,195.3932,1.152393,0.048472
1151,1e+07,446,175.9641,1.037804,0.049150
1157,1e+07,443,192.4334,1.134937,0.045939
1187,1e+07,444,160.7297,0.947955,0.040580
1217,1e+07,422,167.0047,0.984963,0.048814
1229,1e+07,430,150.7256,0.888952,0.042493
1247,1e+07,428,155.3551,0.916256,0.046457
1259,1e+07,422,176.7867,1.042656,0.051318
1271,1e+07,443,171.3454,1.010564,0.044776
1277,1e+07,426,193.0845,1.138777,0.050459
1289,1e+07,455,193.3582,1.140392,0.045849
1301,1e+07,440,197.7000,1.165998,0.043521
1319,1e+07,426,216.6056,1.277500,0.048029
1361,1e+07,427,179.1007,1.056303,0.044702
1367,1e+07,413,181.2639,1.069061,0.041476
1409,1e+07,412,153.7718,0.906918,0.047542
1427,1e+07,424,158.8302,0.936751,0.044334
1451,1e+07,442,144.2579,0.850807,0.042518
1457,1e+07,466,162.6438,0.959243,0.043898
1469,1e+07,441,179.0612,1.056070,0.046539
1481,1e+07,443,171.3454,1.010564,0.046360
1487,1e+07,412,184.2816,1.086859,0.041664
1499,1e+07,417,190.0144,1.120670,0.045317
1511,1e+07,460,194.7130,1.148382,0.044666
1541,1e+07,459,186.2484,1.098459,0.041222
1577,1e+07,469,175.9190,1.037538,0.041887
1607,1e+07,418,169.6507,1.000569,0.048425
1619,1e+07,421,168.5843,0.994280,0.044454
1649,1e+07,411,151.3285,0.892508,0.045894
1667,1e+07,428,145.4159,0.857636,0.042505
1679,1e+07,432,154.3472,0.910312,0.044528
1691,1e+07,452,146.1903,0.862203,0.043510
1697,1e+07,438,153.7260,0.906648,0.038625
1709,1e+07,397,178.0806,1.050287,0.045539
1721,1e+07,436,181.7339,1.071834,0.045362
1739,1e+07,435,174.9517,1.031833,0.047428
1751,1e+07,412,177.5680,1.047263,0.047224
1781,1e+07,452,176.6150,1.041643,0.047707
1787,1e+07,436,173.3670,1.022487,0.042178
1817,1e+07,426,170.6620,1.006533,0.048344
1829,1e+07,424,164.5755,0.970636,0.045473
1847,1e+07,428,167.2710,0.986534,0.046211
1871,1e+07,439,145.3941,0.857508,0.040455
1877,1e+07,449,169.8708,1.001867,0.042970
1889,1e+07,421,169.5962,1.000247,0.043579
1907,1e+07,437,161.5195,0.952612,0.043777
1919,1e+07,430,177.1953,1.045066,0.047259
1931,1e+07,440,171.6818,1.012548,0.037452
1949,1e+07,453,180.5033,1.064576,0.042525
1961,1e+07,463,184.6782,1.089198,0.040579
1997,1e+07,421,165.4632,0.975872,0.037975
2027,1e+07,424,150.0566,0.885006,0.038496
2039,1e+07,455,160.2198,0.944947,0.040041
2069,1e+07,418,142.5502,0.840735,0.039398
2081,1e+07,442,153.2579,0.903887,0.039021
2087,1e+07,385,151.9636,0.896254,0.044481
2111,1e+07,453,144.9272,0.854754,0.041877
2117,1e+07,442,163.8054,0.966094,0.041341
2129,1e+07,430,165.6279,0.976843,0.045778
2141,1e+07,473,163.9915,0.967192,0.037267
2159,1e+07,404,159.5941,0.941257,0.041640
2171,1e+07,435,170.3034,1.004419,0.041620
2201,1e+07,434,149.2949,0.880514,0.042311
2207,1e+07,425,167.8588,0.990001,0.041661
2237,1e+07,418,147.6172,0.870619,0.042417
2249,1e+07,439,158.8155,0.936665,0.042983
2267,1e+07,450,162.1733,0.956469,0.045881
2279,1e+07,440,143.1682,0.844380,0.038232
2291,1e+07,448,157.8884,0.931197,0.042719
2309,1e+07,422,144.8673,0.854401,0.035505
17,1e+08,3325,214.4968,0.944411,0.016236
29,1e+08,3267,220.0073,0.968674,0.016684
41,1e+08,3272,224.1601,0.986958,0.016249
59,1e+08,3257,219.2091,0.965159,0.016641
71,1e+08,3317,225.6847,0.993670,0.016688
101,1e+08,3244,216.4199,0.952878,0.017003
107,1e+08,3301,233.0821,1.026241,0.017471
137,1e+08,3237,214.1965,0.943089,0.017071
149,1e+08,3285,218.2795,0.961066,0.016411
167,1e+08,3344,212.6053,0.936083,0.015745
179,1e+08,3304,214.2548,0.943346,0.016173
191,1e+08,3265,222.5752,0.979980,0.017049
197,1e+08,3287,236.5573,1.041542,0.017126
221,1e+08,3252,223.7085,0.984969,0.015879
227,1e+08,3256,246.8606,1.086906,0.016989
239,1e+08,3290,245.4109,1.080524,0.016205
269,1e+08,3244,244.3224,1.075731,0.017600
281,1e+08,3257,237.0930,1.043900,0.016649
311,1e+08,3322,231.1915,1.017916,0.016651
347,1e+08,3260,216.9000,0.954992,0.017370
359,1e+08,3285,209.8210,0.923824,0.016080
377,1e+08,3280,205.4159,0.904429,0.016503
389,1e+08,3254,219.0018,0.964247,0.017570
401,1e+08,3211,214.1669,0.942959,0.016647
419,1e+08,3243,224.4033,0.988029,0.017393
431,1e+08,3282,229.3382,1.009757,0.017597
437,1e+08,3268,234.7491,1.033580,0.016544
461,1e+08,3167,228.2103,1.004791,0.017042
479,1e+08,3225,228.9842,1.008198,0.018047
491,1e+08,3258,227.3554,1.001027,0.016824
521,1e+08,3248,218.0893,0.960229,0.017239
527,1e+08,3262,230.3728,1.014312,0.017302
557,1e+08,3317,220.7175,0.971800,0.017410
569,1e+08,3237,217.0510,0.955657,0.016898
587,1e+08,3235,219.5221,0.966537,0.017945
599,1e+08,3357,232.8829,1.025364,0.017645
611,1e+08,3265,236.4129,1.040906,0.017758
617,1e+08,3280,241.2805,1.062338,0.017323
629,1e+08,3221,254.1329,1.118925,0.017946
641,1e+08,3283,261.3829,1.150847,0.018049
659,1e+08,3232,261.0316,1.149300,0.017129
689,1e+08,3323,248.8023,1.095455,0.016887
701,1e+08,3235,262.3308,1.155020,0.017640
731,1e+08,3206,240.1984,1.057573,0.017262
767,1e+08,3168,223.4830,0.983976,0.017392
797,1e+08,3331,207.8979,0.915357,0.016839
809,1e+08,3264,221.3015,0.974372,0.017683
821,1e+08,3233,214.5803,0.944779,0.016753
827,1e+08,3294,238.7796,1.051326,0.017269
839,1e+08,3238,247.3453,1.089040,0.018070
851,1e+08,3254,241.6798,1.064096,0.017093
857,1e+08,3233,253.8262,1.117575,0.016607
881,1e+08,3287,245.7956,1.082217,0.015878
899,1e+08,3213,249.2586,1.097465,0.016798
941,1e+08,3267,220.0496,0.968860,0.016051
947,1e+08,3252,239.0443,1.052492,0.016795
989,1e+08,3307,214.1476,0.942874,0.017333
1007,1e+08,3246,216.4880,0.953178,0.017023
1019,1e+08,3229,220.1344,0.969233,0.017343
1031,1e+08,3282,222.3620,0.979041,0.016889
1037,1e+08,3280,238.3079,1.049250,0.018096
1049,1e+08,3254,244.8549,1.078076,0.017326
1061,1e+08,3229,245.6971,1.081784,0.016862
1079,1e+08,3252,246.2694,1.084303,0.017178
1091,1e+08,3270,255.2367,1.123786,0.017381
1121,1e+08,3254,247.1137,1.088021,0.017099
1151,1e+08,3230,220.4341,0.970552,0.016278
1157,1e+08,3278,240.2142,1.057643,0.016731
1187,1e+08,3253,220.5171,0.970918,0.015867
1217,1e+08,3263,213.0837,0.938189,0.016413
1229,1e+08,3324,221.4513,0.975031,0.016539
1247,1e+08,3218,226.3667,0.996673,0.017249
1259,1e+08,3234,224.3970,0.988001,0.017166
1271,1e+08,3297,227.7143,1.002607,0.016422
1277,1e+08,3241,239.8278,1.055942,0.017073
1289,1e+08,3284,250.1456,1.101370,0.016855
1301,1e+08,3290,257.8669,1.135366,0.016659
1319,1e+08,3223,253.7164,1.117092,0.016215
1361,1e+08,3264,239.6507,1.055162,0.016659
1367,1e+08,3241,242.7269,1.068706,0.016823
1409,1e+08,3265,216.4116,0.952842,0.016573
1427,1e+08,3257,223.7335,0.985080,0.017101
1451,1e+08,3307,206.4403,0.908939,0.016345
1457,1e+08,3323,218.1559,0.960522,0.016545
1469,1e+08,3284,233.1084,1.026357,0.017050
1481,1e+08,3262,229.4862,1.010408,0.016124
1487,1e+08,3276,249.8059,1.099874,0.016755
1499,1e+08,3320,247.2253,1.088512,0.016226
1511,1e+08,3258,257.1271,1.132109,0.016638
1541,1e+08,3301,237.1936,1.044343,0.015695
1577,1e+08,3330,231.8631,1.020873,0.016203
1607,1e+08,3259,209.1660,0.920940,0.015691
1619,1e+08,3212,214.9875,0.946572,0.015889
1649,1e+08,3252,202.6421,0.892216,0.015536
1667,1e+08,3218,202.9316,0.893491,0.015909
1679,1e+08,3235,207.7688,0.914788,0.015963
1691,1e+08,3287,205.4274,0.904480,0.015600
1697,1e+08,3279,221.4584,0.975062,0.016662
1709,1e+08,3206,231.6962,1.020139,0.017163
1721,1e+08,3260,229.3307,1.009723,0.015971
1739,1e+08,3219,225.7596,0.994000,0.016328
1751,1e+08,3222,227.3091,1.000823,0.016538
1781,1e+08,3295,220.7436,0.971915,0.016135
1787,1e+08,3308,226.6542,0.997939,0.016044
1817,1e+08,3249,220.5115,0.970894,0.016509
1829,1e+08,3234,221.5473,0.975454,0.016386
1847,1e+08,3254,219.6583,0.967137,0.016498
1871,1e+08,3241,204.8460,0.901920,0.016022
1877,1e+08,3206,223.2183,0.982811,0.016093
1889,1e+08,3265,227.5332,1.001810,0.016765
1907,1e+08,3237,224.0556,0.986498,0.015670
1919,1e+08,3195,235.3070,1.036037,0.016813
1931,1e+08,3303,234.7430,1.033553,0.015852
1949,1e+08,3218,240.0075,1.056732,0.016672
1961,1e+08,3293,239.0890,1.052688,0.015981
1997,1e+08,3222,228.0112,1.003914,0.016369
2027,1e+08,3255,214.3797,0.943896,0.016522
2039,1e+08,3308,211.8011,0.932542,0.015395
2069,1e+08,3262,202.3556,0.890955,0.016186
2081,1e+08,3248,203.7986,0.897308,0.016435
2087,1e+08,3269,215.5154,0.948896,0.016239
2111,1e+08,3274,202.7373,0.892635,0.015895
2117,1e+08,3251,214.6933,0.945276,0.015847
2129,1e+08,3252,222.2934,0.978739,0.016791
2141,1e+08,3268,221.0453,0.973244,0.015303
2159,1e+08,3158,220.1552,0.969324,0.015779
2171,1e+08,3203,224.0699,0.986561,0.016724
2201,1e+08,3268,211.1438,0.929648,0.016412
2207,1e+08,3248,221.9021,0.977016,0.016111
2237,1e+08,3265,202.2340,0.890419,0.015764
2249,1e+08,3254,214.0953,0.942643,0.016366
2267,1e+08,3297,211.0610,0.929284,0.017143
2279,1e+08,3276,209.9908,0.924572,0.016024
2291,1e+08,3309,212.9538,0.937617,0.015789
2309,1e+08,3255,215.8894,0.950543,0.016215
17,1e+09,25354,281.0115,0.962363,0.006072
29,1e+09,25473,288.4329,0.987779,0.006092
41,1e+09,25373,286.8749,0.982443,0.005953
59,1e+09,25242,291.7516,0.999144,0.006155
71,1e+09,25457,291.1915,0.997226,0.005978
101,1e+09,25349,271.9878,0.931460,0.005853
107,1e+09,25539,297.4566,1.018681,0.006182
137,1e+09,25247,278.3948,0.953402,0.006116
149,1e+09,25252,280.6371,0.961081,0.006087
167,1e+09,25423,278.1087,0.952422,0.005995
179,1e+09,25371,287.9499,0.986124,0.006209
191,1e+09,25336,289.3740,0.991001,0.006159
197,1e+09,25509,300.6278,1.029542,0.006127
221,1e+09,25262,294.7686,1.009476,0.006145
227,1e+09,25479,308.6622,1.057057,0.006051
239,1e+09,25411,317.3762,1.086899,0.006024
269,1e+09,25331,304.0373,1.041218,0.006156
281,1e+09,25135,303.2135,1.038397,0.005995
311,1e+09,25431,297.8153,1.019910,0.006130
347,1e+09,25236,277.1783,0.949236,0.006102
359,1e+09,25342,273.8564,0.937859,0.005975
377,1e+09,25465,274.9671,0.941663,0.006130
389,1e+09,25327,283.1324,0.969626,0.006169
401,1e+09,25331,282.7523,0.968324,0.006139
419,1e+09,25195,287.2839,0.983844,0.006199
431,1e+09,25416,291.4112,0.997978,0.006236
437,1e+09,25283,298.4876,1.022212,0.006081
461,1e+09,25330,292.9075,1.003103,0.006028
479,1e+09,25358,295.4329,1.011751,0.006303
491,1e+09,25324,295.3735,1.011547,0.006199
521,1e+09,25235,282.5200,0.967529,0.006226
527,1e+09,25434,297.4109,1.018525,0.006272
557,1e+09,25491,287.8162,0.985666,0.006262
569,1e+09,25488,293.3762,1.004707,0.006269
587,1e+09,25322,289.5987,0.991771,0.006360
599,1e+09,25556,299.5053,1.025698,0.006279
611,1e+09,25375,300.8155,1.030185,0.006346
617,1e+09,25463,307.9398,1.054582,0.006153
629,1e+09,25529,319.0673,1.092690,0.006262
641,1e+09,25424,323.9670,1.109470,0.006288
659,1e+09,25472,330.6888,1.132490,0.006181
689,1e+09,25468,312.8625,1.071441,0.006086
701,1e+09,25390,322.8697,1.105712,0.006192
731,1e+09,25420,308.8239,1.057610,0.006231
767,1e+09,25394,298.9868,1.023922,0.006336
797,1e+09,25318,278.6130,0.954149,0.006238
809,1e+09,25339,286.7912,0.982156,0.006217
821,1e+09,25345,287.2058,0.983576,0.006204
827,1e+09,25363,300.2233,1.028156,0.006227
839,1e+09,25487,307.0085,1.051393,0.006208
851,1e+09,25411,311.1023,1.065413,0.006236
857,1e+09,25349,322.8991,1.105813,0.006101
881,1e+09,25343,315.1180,1.079165,0.006120
899,1e+09,25310,322.4529,1.104285,0.006223
941,1e+09,25349,291.6200,0.998693,0.006029
947,1e+09,25496,302.9553,1.037512,0.006093
989,1e+09,25307,279.9613,0.958766,0.006141
1007,1e+09,25406,280.5100,0.960646,0.006097
1019,1e+09,25386,287.0924,0.983188,0.006234
1031,1e+09,25398,292.1120,1.000378,0.006147
1037,1e+09,25542,297.9601,1.020406,0.006108
1049,1e+09,25412,308.0563,1.054981,0.006167
1061,1e+09,25301,313.7345,1.074427,0.006055
1079,1e+09,25474,312.3729,1.069764,0.006085
1091,1e+09,25284,318.2945,1.090044,0.006056
1121,1e+09,25463,309.0435,1.058362,0.006098
1151,1e+09,25306,291.8917,0.999624,0.006032
1157,1e+09,25509,311.4894,1.066739,0.006122
1187,1e+09,25357,292.5303,1.001811,0.006049
1217,1e+09,25284,280.2321,0.959694,0.006024
1229,1e+09,25360,285.9123,0.979146,0.006045
1247,1e+09,25194,288.1138,0.986686,0.006063
1259,1e+09,25146,291.7182,0.999029,0.006053
1271,1e+09,25411,291.7304,0.999071,0.005949
1277,1e+09,25417,306.4606,1.049517,0.006066
1289,1e+09,25250,318.3362,1.090187,0.006185
1301,1e+09,25435,319.6546,1.094701,0.005971
1319,1e+09,25416,320.8954,1.098951,0.005951
1361,1e+09,25224,299.7058,1.026384,0.005910
1367,1e+09,25295,311.0011,1.065067,0.006033
1409,1e+09,25414,275.3335,0.942918,0.005782
1427,1e+09,25543,281.9688,0.965641,0.005909
1451,1e+09,25395,274.8017,0.941096,0.005952
1457,1e+09,25585,287.5502,0.984756,0.005982
1469,1e+09,25327,295.5479,1.012145,0.005951
1481,1e+09,25235,295.2642,1.011173,0.005869
1487,1e+09,25511,308.3714,1.056061,0.005896
1499,1e+09,25398,314.2710,1.076265,0.005866
1511,1e+09,25326,317.7349,1.088127,0.005767
1541,1e+09,25313,300.1922,1.028050,0.005733
1577,1e+09,25422,289.4635,0.991308,0.005765
1607,1e+09,25312,275.8587,0.944716,0.005856
1619,1e+09,25340,274.3115,0.939418,0.005707
1649,1e+09,25280,263.1764,0.901284,0.005817
1667,1e+09,25432,267.3489,0.915574,0.005880
1679,1e+09,25296,268.4080,0.919200,0.005772
1691,1e+09,25385,274.0108,0.938388,0.005887
1697,1e+09,25206,283.5365,0.971010,0.006047
1709,1e+09,25353,290.8747,0.996141,0.005924
1721,1e+09,25381,292.4594,1.001568,0.005818
1739,1e+09,25271,289.0171,0.989779,0.005864
1751,1e+09,25469,291.2960,0.997584,0.005848
1781,1e+09,25459,281.1082,0.962694,0.005837
1787,1e+09,25396,297.7090,1.019546,0.005970
1817,1e+09,25347,278.5894,0.954068,0.005908
1829,1e+09,25187,281.6748,0.964635,0.005859
1847,1e+09,25322,280.2594,0.959787,0.005886
1871,1e+09,25079,270.9632,0.927951,0.005863
1877,1e+09,25280,288.2400,0.987118,0.005911
1889,1e+09,25424,294.6643,1.009119,0.005913
1907,1e+09,25305,287.4170,0.984299,0.005887
1919,1e+09,25235,297.8634,1.020075,0.005890
1931,1e+09,25236,296.7665,1.016318,0.005818
1949,1e+09,25420,298.2496,1.021397,0.005844
1961,1e+09,25419,299.9544,1.027236,0.005798
1997,1e+09,25356,290.9846,0.996517,0.005921
2027,1e+09,25423,270.0035,0.924665,0.005773
2039,1e+09,25538,273.2058,0.935631,0.005762
2069,1e+09,25290,260.3163,0.891489,0.005870
2081,1e+09,25257,264.5088,0.905847,0.005867
2087,1e+09,25340,277.4320,0.950105,0.005958
2111,1e+09,25398,269.1694,0.921808,0.005876
2117,1e+09,25465,277.0179,0.948686,0.005829
2129,1e+09,25444,281.8984,0.965400,0.005901
2141,1e+09,25457,283.4999,0.970885,0.005781
2159,1e+09,25258,285.1240,0.976447,0.005965
2171,1e+09,25420,285.3578,0.977248,0.005915
2201,1e+09,25491,275.7905,0.944483,0.005901
2207,1e+09,25101,288.4135,0.987712,0.005963
2237,1e+09,25290,271.5575,0.929986,0.005986
2249,1e+09,25349,278.3412,0.953218,0.006058
2267,1e+09,25323,271.6467,0.930292,0.005962
2279,1e+09,25437,275.6035,0.943842,0.005901
2291,1e+09,25637,280.9440,0.962132,0.005932
2309,1e+09,25196,281.6404,0.964517,0.006024
